<?xml version="1.0"?>
<doc>
    <assembly>
        <name>FT.Security.Cryptography</name>
    </assembly>
    <members>
        <member name="P:FT.Security.Cryptography.Certificate.EncodingType">
            <summary>
            Тип кодирования сертификата.
            </summary>
        </member>
        <member name="P:FT.Security.Cryptography.Certificate.Bytes">
            <summary>
            Бинарный образ сертификата.
            </summary>
        </member>
        <member name="P:FT.Security.Cryptography.Certificate.Version">
            <summary>
            Получает номер версии формата сертификата.
            </summary>
        </member>
        <member name="P:FT.Security.Cryptography.Certificate.SerialNumber">
            <summary>
            Уникальный серийный номер, присвоенный сертификату центром сертификации.
            Серийный номер уникален для всех сертификатов, выданных определенным центром сертификации.
            </summary>
        </member>
        <member name="P:FT.Security.Cryptography.Certificate.SignatureAlgorithm">
            <summary>
            Получает идентификатор алгоритма подписи.
            </summary>
        </member>
        <member name="P:FT.Security.Cryptography.Certificate.PublicKeyAlgorithmIdentifier">
            <summary>
            Идентификатор алгоритма открытого ключа, связанного с сертификатом.
            </summary>
        </member>
        <member name="P:FT.Security.Cryptography.Certificate.HashAlgorithmIdentifier">
            <summary>
            Идентификатор алгоритма хеширования.
            </summary>
        </member>
        <member name="P:FT.Security.Cryptography.Certificate.PublicKey">
            <summary>
            Открытый ключ, связанный с сертификатом.
            </summary>
        </member>
        <member name="P:FT.Security.Cryptography.Certificate.PublicKeyBLOB">
            <summary>
            Бинарный образ открытого ключа, связанного с сертификатом.
            </summary>
        </member>
        <member name="P:FT.Security.Cryptography.Certificate.Issuer">
            <summary>
            Информация о центре сертификации, выдавшем сертификат.
            </summary>
        </member>
        <member name="P:FT.Security.Cryptography.Certificate.Subject">
            <summary>
            Имя лица, компьютера, устройства или центра сертификации, которому выдан сертификат.
            Если выдающий сертификаты центр сертификации находится на рядовом сервере домена предприятия,
            это будет различающееся имя внутри предприятия. Иначе это может быть полное имя и адрес
            электронной почты или другой персональный идентификатор.
            </summary>
        </member>
        <member name="P:FT.Security.Cryptography.Certificate.Thumbprint">
            <summary>
            Сводка данных (или отпечаток) сертификата.
            </summary>
        </member>
        <member name="P:FT.Security.Cryptography.Certificate.SubjectAlternativeName">
            <summary>
            Альтернативное имя лица, компьютера, устройства или центра сертификации, которому выдан сертификат.
            </summary>
        </member>
        <member name="P:FT.Security.Cryptography.Certificate.NotBefore">
            <summary>
            Начальная дата периода действия сертификата.
            </summary>
        </member>
        <member name="P:FT.Security.Cryptography.Certificate.NotAfter">
            <summary>
            Конечная дата периода действия сертификата.
            </summary>
        </member>
        <member name="P:FT.Security.Cryptography.Certificate.Container">
            <summary>
            Имя контейнера, ассоциированного с сертификатом.
            </summary>
        </member>
        <member name="P:FT.Security.Cryptography.Certificate.KeyUsage">
            <summary>
            Назначение ключа использования сертификата.
            </summary>
        </member>
        <member name="P:FT.Security.Cryptography.Certificate.IssuerCommonName">
            <summary>
            Псевдоним удостоверяющего центра.
            </summary>
        </member>
        <member name="M:FT.Security.Cryptography.Certificate.FT#Security#Cryptography#ICertificate#Verify(System.String,System.String,System.UInt32,System.Boolean)">
            <summary>
            Выполняет проверку сертификата, используя основную политику проверки на основе цепочки.
            </summary>
        </member>
        <member name="P:FT.Security.Cryptography.Certificate.ExtendedKeyUsage">
            <summary>
            Улучшенный ключ.
            </summary>
        </member>
        <member name="M:FT.Security.Cryptography.Certificate.FT#Security#Cryptography#ICertificate#VerifyExtendedKeyUsage(System.String)">
            <summary>
            Выполняет проверку наличия расширенного использования ключа.
            </summary>
            <param name="i">Значение OID, требуемого расширения</param>
        </member>
        <member name="M:FT.Security.Cryptography.Certificate.Verify">
            <summary>
            Выполняет проверку сертификата.
            </summary>
        </member>
        <member name="M:FT.Security.Cryptography.Certificate.Verify(System.String)">
            <summary>
            Выполняет проверку сертификата.
            </summary>
        </member>
        <member name="M:FT.Security.Cryptography.Certificate.Verify(System.String,System.String)">
            <summary>
            Выполняет проверку сертификата.
            </summary>
        </member>
        <member name="M:FT.Security.Cryptography.Certificate.Verify(System.String@)">
            <summary>
            Выполняет проверку сертификата и возвращает статус проверки (сообщение).
            </summary>
        </member>
        <member name="M:FT.Security.Cryptography.Certificate.CreateMessageSignature(FT.Security.Cryptography.KeySpec,System.IO.Stream,System.IO.Stream,System.Boolean)">
            <summary>
            Создает открепленную или прикрепленную подпись, согласно параметру <paramref name="detached"/>.
            </summary>
            <param name="i">Входной поток, для которого рассчитывается подпись.</param>
            <param name="o">Выходной поток, который будет результатом (PKCS#7)</param>
            <param name="detached">Если значение <c>true</c>, то формируется открепленная подпись, иначе <c>false</c></param>
            <param name="keyspecpolicy">Тип ключа подписи</param>
        </member>
        <member name="M:FT.Security.Cryptography.Certificate.CreateMessageSignature(FT.Security.Cryptography.KeySpec,System.IO.Stream,System.Boolean)">
            <summary>
            Создает открепленную или прикрепленную подпись, согласно параметру <paramref name="detached"/>.
            </summary>
            <param name="i">Входной поток, для которого рассчитывается подпись.</param>
            <param name="detached">Если значение <c>true</c>, то формируется открепленная подпись, иначе <c>false</c></param>
            <param name="keyspecpolicy">Тип ключа подписи</param>
            <returns>Вовращает подпись.</returns>
        </member>
        <member name="M:FT.Security.Cryptography.Certificate.CreateMessageSignature(FT.Security.Cryptography.KeySpec,System.Byte[],System.Boolean)">
            <summary>
            Создает открепленную или прикрепленную подпись, согласно параметру <paramref name="detached"/>.
            </summary>
            <param name="i">Входнойблок, для которого рассчитывается подпись.</param>
            <param name="detached">Если значение <c>true</c>, то формируется открепленная подпись, иначе <c>false</c></param>
            <param name="keyspecpolicy">Тип ключа подписи</param>
            <returns>Вовращает подпись.</returns>
        </member>
        <member name="M:FT.Security.Cryptography.Certificate.CreateSignature(FT.Security.Cryptography.KeySpec,System.IO.Stream,System.IO.Stream,System.UInt32)">
            <summary>
             Создает подпись из указанного потока данных.
            </summary>
            <param name="i">Данные, предназначенные для подписи.</param>
            <param name="o">Результат выполнения операции.</param>
            <param name="kind">Вид операции над входных потоком.</param>
            <param name="keyspecpolicy">Тип ключа подписи</param>
        </member>
        <member name="M:FT.Security.Cryptography.Certificate.CreateSignature(FT.Security.Cryptography.KeySpec,System.IO.Stream)">
            <summary>
            Создает "простую" подпись из указанного массива данных.
            </summary>
            <param name="i">Данные, предназначенные для подписи.</param>
            <returns>Подпись для указанного значения.</returns>
            <param name="keyspecpolicy">Тип ключа подписи</param>
        </member>
        <member name="M:FT.Security.Cryptography.Certificate.CreateSignature(FT.Security.Cryptography.KeySpec,System.IO.Stream,System.Byte[]@)">
            <summary>
            Создает "простую" подпись из указанного массива данных.
            </summary>
            <param name="i">Данные, предназначенные для подписи.</param>
            <param name="digestvalue">Значение хэш сообщения.</param>
            <param name="keyspecpolicy">Тип ключа подписи</param>
            <returns>Подпись для указанного значения.</returns>
        </member>
        <member name="M:FT.Security.Cryptography.Certificate.VerifySignature(System.IO.Stream,System.Byte[])">
            <summary>
            Проверяет подпись из указанного потока.
            </summary>
            <param name="i">Данные, для которых необходимо проверить подпись <paramref name="signature"/>.</param>
            <param name="signature">Подпись, которую требуется проверить.</param>
            <returns>Статус проверки подписи.</returns>
        </member>
        <member name="M:FT.Security.Cryptography.Certificate.VerifyMessageSignature(System.IO.Stream)">
            <summary>
            Проверяет подпись сообщения PKCS#7
            </summary>
            <param name="i">Входной поток, содержащий сообщение в формате PKCS#7.</param>
            <returns>Статус проверки подписи.</returns>
        </member>
        <member name="M:FT.Security.Cryptography.Certificate.VerifyExtendedKeyUsage(System.String[])">
            <summary>
            Проверяет наличие расширенных атрибутов  в свойстве "Улучшенный ключ".
            </summary>
            <param name="args">Перечень расширенных атрибутов.</param>
        </member>
        <member name="F:FT.Security.Cryptography.CertificateStore.CustomVirtualCertificateStoreNumber">
            <summary>
            Номер хранилища для создания виртуального <see cref="T:FT.Security.Cryptography.CertificateStore"/>, сылающегося на сертификаты, к которым в текущий момент есть закрытые ключи.
            </summary>
        </member>
        <member name="M:FT.Security.Cryptography.CertificateStore.GetCustomVirtualCertificateStore">
            <summary>
            Получить виртуальный <see cref="T:FT.Security.Cryptography.CertificateStore"/>, сылающийся на сертификаты, к которым в текущий момент есть закрытые ключи.
            </summary>
            <returns>Виртуальное хранилище сертификатов.</returns>
        </member>
        <member name="M:FT.Security.Cryptography.CertificateStore.FindCertificateBySerialNumber(System.String)">
            <summary>
            Поиск сертификата по серийному номеру.
            </summary>
            <param name="serialnumber"></param>
            <returns></returns>
        </member>
        <member name="M:FT.Security.Cryptography.CertificateStore.FindCertificateByThumbprint(System.String)">
            <summary>
            Поиск сертификата по отпечатку.
            </summary>
            <param name="thumbprint"></param>
            <returns></returns>
        </member>
        <member name="P:FT.Security.Cryptography.CertificateStore.Certificates">
            <summary>
            Список сертификатов в хранилище.
            </summary>
        </member>
        <member name="P:FT.Security.Cryptography.CertificateStore.AvailableCertificates">
            <summary>
            Список доступных сертификатов в хранилище.
            </summary>
        </member>
        <member name="M:FT.Security.Cryptography.CryptoTransform.Dispose">
            <summary>Performs application-defined tasks associated with freeing, releasing, or resetting unmanaged resources.</summary>
            <filterpriority>2</filterpriority>
        </member>
        <member name="M:FT.Security.Cryptography.CryptoTransform.TransformBlock(System.Byte[],System.Int32,System.Int32,System.Byte[],System.Int32)">
            <summary>
            Преобразует заданную область входного массива байтов и копирует результирующее преобразование в заданную область выходного массива байтов.
            </summary>
            <param name="inputBuffer">Входные данные, для которых вычисляется преобразование.</param>
            <param name="inputOffset">Смещение во входном массиве байтов, начиная с которого следует использовать данные.</param>
            <param name="inputCount">Число байтов во входном массиве для использования в качестве данных.</param>
            <param name="outputBuffer">Выходные данные для записи преобразования.</param>
            <param name="outputOffset">Смещение в выходном массиве байтов, начиная с которого следует записывать данные.</param>
            <returns>Число записанных байтов.</returns>
        </member>
        <member name="M:FT.Security.Cryptography.CryptoTransform.TransformFinalBlock(System.Byte[],System.Int32,System.Int32)">
            <summary>Преобразует заданную область заданного массива байтов.</summary>
            <param name="inputBuffer">Входные данные, для которых вычисляется преобразование.</param>
            <param name="inputOffset">Смещение в массиве байтов, начиная с которого следует использовать данные.</param>
            <param name="inputCount">Число байтов в массиве для использования в качестве данных.</param>
            <returns>Вычисленное преобразование.</returns>
        </member>
        <member name="P:FT.Security.Cryptography.CryptoTransform.InputBlockSize">
            <summary>Возвращает размер входного блока.</summary>
            <returns>Размер входного блока данных в байтах.</returns>
        </member>
        <member name="P:FT.Security.Cryptography.CryptoTransform.OutputBlockSize">
            <summary>Возвращает размер выходного блока.</summary>
            <returns>Размер выходного блока данных в байтах.</returns>
        </member>
        <member name="M:FT.Security.Cryptography.FTHashAlgorithmBase.Initialize">
            <summary>Инициализирует реализацию класса <see cref="T:System.Security.Cryptography.HashAlgorithm" />.</summary>
        </member>
        <member name="M:FT.Security.Cryptography.FTHashAlgorithmBase.HashCore(System.Byte[],System.Int32,System.Int32)">
            <summary>Если переопределено в производном классе, передает данные, записанные в объект, на вход хэш-алгоритма для вычисления хэша.</summary>
            <param name="bytes">Входные данные, для которых вычисляется хэш-код.</param>
            <param name="start">Смещение в массиве байтов, начиная с которого следует использовать данные.</param>
            <param name="size">Число байтов в массиве для использования в качестве данных.</param>
        </member>
        <member name="M:FT.Security.Cryptography.FTHashAlgorithmBase.HashFinal">
            <summary>Если переопределено в производном классе, завершает вычисление хэша после обработки последних данных криптографическим потоковым объектом.</summary>
            <returns>Вычисляемый хэш-код.</returns>
        </member>
        <member name="P:FT.Security.Cryptography.FTHashAlgorithmBase.Hash">
            <summary>Возвращает значение вычисляемого хэш-кода.</summary>
            <returns>Текущее значение вычисляемого хэш-кода.</returns>
            <exception cref="T:System.Security.Cryptography.CryptographicUnexpectedOperationException">Свойство <see cref="F:System.Security.Cryptography.HashAlgorithm.HashValue" /> имеет значение <see langword="null" />.</exception>
            <exception cref="T:System.ObjectDisposedException">Объект уже был удален.</exception>
        </member>
        <member name="M:FT.Security.Cryptography.FTHashAlgorithmBase.ComputeHash(System.Byte[])">
            <summary>Вычисляет хэш-значение для заданного массива байтов.</summary>
            <param name="buffer">Входные данные, для которых вычисляется хэш-код.</param>
            <returns>Вычисляемый хэш-код.</returns>
            <exception cref="T:System.ArgumentNullException">Свойство <paramref name="buffer" /> имеет значение <see langword="null" />.</exception>
            <exception cref="T:System.ObjectDisposedException">Объект уже удален.</exception>
        </member>
        <member name="M:FT.Security.Cryptography.FTHashAlgorithmBase.ComputeHash(System.Byte[],System.Int32,System.Int32)">
            <summary>Вычисляет хэш-значение для заданной области заданного массива байтов.</summary>
            <param name="buffer">Входные данные, для которых вычисляется хэш-код.</param>
            <param name="offset">Смещение в массиве байтов, начиная с которого следует использовать данные.</param>
            <param name="count">Число байтов в массиве для использования в качестве данных.</param>
            <returns>Вычисляемый хэш-код.</returns>
            <exception cref="T:System.ArgumentException"><paramref name="count" /> не является допустимым значением.
                        -или- <paramref name="buffer" /> Недопустимая длина.</exception>
            <exception cref="T:System.ArgumentNullException">Свойство <paramref name="buffer" /> имеет значение <see langword="null" />.</exception>
            <exception cref="T:System.ArgumentOutOfRangeException"><paramref name="offset" /> выходит за пределы диапазона. Этот параметр требует неотрицательным числом.</exception>
            <exception cref="T:System.ObjectDisposedException">Объект уже был удален.</exception>
        </member>
        <member name="M:FT.Security.Cryptography.FTHashAlgorithmBase.ComputeHash(System.IO.Stream)">
            <summary>Вычисляет хэш-значение для заданного объекта <see cref="T:System.IO.Stream" />.</summary>
            <param name="inputStream">Входные данные, для которых вычисляется хэш-код.</param>
            <returns>Вычисляемый хэш-код.</returns>
            <exception cref="T:System.ObjectDisposedException">Объект уже удален.</exception>
        </member>
        <member name="M:FT.Security.Cryptography.FTHashAlgorithmBase.TransformBlock(System.Byte[],System.Int32,System.Int32,System.Byte[],System.Int32)">
            <summary>Вычисляет хэш-значение для заданной области входного массива байтов и копирует указанную область входного массива байтов в заданную область выходного массива байтов.</summary>
            <param name="inputBuffer">Входные данные, для которых вычисляется хэш-код.</param>
            <param name="inputOffset">Смещение во входном массиве байтов, начиная с которого следует использовать данные.</param>
            <param name="inputCount">Число байтов во входном массиве для использования в качестве данных.</param>
            <param name="outputBuffer">Копия части входного массива, используемого для вычисления хэш-кода.</param>
            <param name="outputOffset">Смещение в выходном массиве байтов, начиная с которого следует записывать данные.</param>
            <returns>Число записанных байтов.</returns>
            <exception cref="T:System.ArgumentException"><paramref name="inputCount" /> используется недопустимое значение.
                        -или- <paramref name="inputBuffer" /> имеет недопустимую длину.</exception>
            <exception cref="T:System.ArgumentNullException">Свойство <paramref name="inputBuffer" /> имеет значение <see langword="null" />.</exception>
            <exception cref="T:System.ArgumentOutOfRangeException"><paramref name="inputOffset" /> выходит за пределы диапазона. Этот параметр требует неотрицательным числом.</exception>
            <exception cref="T:System.ObjectDisposedException">Объект уже был удален.</exception>
        </member>
        <member name="M:FT.Security.Cryptography.FTHashAlgorithmBase.TransformFinalBlock(System.Byte[],System.Int32,System.Int32)">
            <summary>Вычисляет хэш-значение для заданной области заданного массива байтов.</summary>
            <param name="inputBuffer">Входные данные, для которых вычисляется хэш-код.</param>
            <param name="inputOffset">Смещение в массиве байтов, начиная с которого следует использовать данные.</param>
            <param name="inputCount">Число байтов в массиве для использования в качестве данных.</param>
            <returns>Массив, который является копией хэшируемой части входных данных.</returns>
            <exception cref="T:System.ArgumentException"><paramref name="inputCount" /> используется недопустимое значение.
                        -или- <paramref name="inputBuffer" /> имеет недопустимое значение смещения.</exception>
            <exception cref="T:System.ArgumentNullException">Свойство <paramref name="inputBuffer" /> имеет значение <see langword="null" />.</exception>
            <exception cref="T:System.ArgumentOutOfRangeException"><paramref name="inputOffset" /> выходит за пределы диапазона. Этот параметр требует неотрицательным числом.</exception>
            <exception cref="T:System.ObjectDisposedException">Объект уже был удален.</exception>
        </member>
        <member name="M:FT.Security.Cryptography.GostHashAlgorithm.Initialize">
            <summary>Инициализирует реализацию класса <see cref="T:System.Security.Cryptography.HashAlgorithm" />.</summary>
        </member>
        <member name="M:FT.Security.Cryptography.GostHashAlgorithm.HashCore(System.Byte[],System.Int32,System.Int32)">
            <summary>Если переопределено в производном классе, передает данные, записанные в объект, на вход хэш-алгоритма для вычисления хэша.</summary>
            <param name="bytes">Входные данные, для которых вычисляется хэш-код.</param>
            <param name="start">Смещение в массиве байтов, начиная с которого следует использовать данные.</param>
            <param name="size">Число байтов в массиве для использования в качестве данных.</param>
        </member>
        <member name="M:FT.Security.Cryptography.GostHashAlgorithm.HashFinal">
            <summary>Если переопределено в производном классе, завершает вычисление хэша после обработки последних данных криптографическим потоковым объектом.</summary>
            <returns>Вычисляемый хэш-код.</returns>
        </member>
        <member name="P:FT.Security.Cryptography.ICertificate.EncodingType">
            <summary>
            Тип кодирования сертификата.
            </summary>
        </member>
        <member name="P:FT.Security.Cryptography.ICertificate.Bytes">
            <summary>
            Бинарный образ сертификата.
            </summary>
        </member>
        <member name="P:FT.Security.Cryptography.ICertificate.Version">
            <summary>
            Получает номер версии формата сертификата.
            </summary>
        </member>
        <member name="P:FT.Security.Cryptography.ICertificate.SerialNumber">
            <summary>
            Уникальный серийный номер, присвоенный сертификату центром сертификации.
            Серийный номер уникален для всех сертификатов, выданных определенным центром сертификации.
            </summary>
        </member>
        <member name="P:FT.Security.Cryptography.ICertificate.SignatureAlgorithm">
            <summary>
            Получает идентификатор алгоритма подписи.
            </summary>
        </member>
        <member name="P:FT.Security.Cryptography.ICertificate.Issuer">
            <summary>
            Информация о центре сертификации, выдавшем сертификат.
            </summary>
        </member>
        <member name="P:FT.Security.Cryptography.ICertificate.Subject">
            <summary>
            Имя лица, компьютера, устройства или центра сертификации, которому выдан сертификат.
            Если выдающий сертификаты центр сертификации находится на рядовом сервере домена предприятия,
            это будет различающееся имя внутри предприятия. Иначе это может быть полное имя и адрес
            электронной почты или другой персональный идентификатор.
            </summary>
        </member>
        <member name="P:FT.Security.Cryptography.ICertificate.NotBefore">
            <summary>
            Начальная дата периода действия сертификата.
            </summary>
        </member>
        <member name="P:FT.Security.Cryptography.ICertificate.NotAfter">
            <summary>
            Конечная дата периода действия сертификата.
            </summary>
        </member>
        <member name="P:FT.Security.Cryptography.ICertificate.PublicKeyAlgorithmIdentifier">
            <summary>
            Идентификатор алгоритма открытого ключа, связанного с сертификатом.
            </summary>
        </member>
        <member name="P:FT.Security.Cryptography.ICertificate.PublicKey">
            <summary>
            Открытый ключ, связанный с сертификатом.
            </summary>
        </member>
        <member name="P:FT.Security.Cryptography.ICertificate.PublicKeyBLOB">
            <summary>
            Бинарный образ открытого ключа, связанного с сертификатом.
            </summary>
        </member>
        <member name="P:FT.Security.Cryptography.ICertificate.Container">
            <summary>
            Имя контейнера, ассоциированного с сертификатом.
            </summary>
        </member>
        <member name="P:FT.Security.Cryptography.ICertificate.KeyUsage">
            <summary>
            Назначение ключа использования сертификата.
            </summary>
        </member>
        <member name="P:FT.Security.Cryptography.ICertificate.HashAlgorithmIdentifier">
            <summary>
            Идентификатор алгоритма хеширования.
            </summary>
        </member>
        <member name="P:FT.Security.Cryptography.ICertificate.SubjectAlternativeName">
            <summary>
            Альтернативное имя лица, компьютера, устройства или центра сертификации, которому выдан сертификат.
            </summary>
        </member>
        <member name="P:FT.Security.Cryptography.ICertificate.IssuerCommonName">
            <summary>
            Псевдоним удостоверяющего центра.
            </summary>
        </member>
        <member name="M:FT.Security.Cryptography.ICertificate.Verify(System.String,System.String,System.UInt32,System.Boolean)">
            <summary>
            Выполняет проверку сертификата, используя основную политику проверки на основе цепочки.
            </summary>
        </member>
        <member name="P:FT.Security.Cryptography.ICertificate.Thumbprint">
            <summary>
            Сводка данных (или отпечаток) сертификата.
            </summary>
        </member>
        <member name="P:FT.Security.Cryptography.ICertificate.ExtendedKeyUsage">
            <summary>
            Улучшенный ключ.
            </summary>
        </member>
        <member name="M:FT.Security.Cryptography.ICertificate.VerifyExtendedKeyUsage(System.String)">
            <summary>
            Выполняет проверку наличия расширенного использования ключа.
            </summary>
            <param name="i">Значение OID, требуемого расширения</param>
        </member>
        <member name="T:FT.Security.Cryptography.Result`1">
            <summary>
            Результат выполнения.
            </summary>
            <typeparam name="T">Тип получаемых данных.</typeparam>
        </member>
        <member name="M:FT.Security.Cryptography.Result`1.#ctor">
            <summary>
            Конструктор.
            </summary>
        </member>
        <member name="M:FT.Security.Cryptography.Result`1.#ctor(System.Exception,`0)">
            <summary>
            Конструктор.
            </summary>
        </member>
        <member name="P:FT.Security.Cryptography.Result`1.Data">
            <summary>
            Данные. Цель вызова метода.
            </summary>
        </member>
        <member name="T:FT.Security.Cryptography.Result">
            <summary>
            Результат выполнения.
            </summary>
        </member>
        <member name="M:FT.Security.Cryptography.Result.#ctor">
            <summary>
            Конструктор.
            </summary>
        </member>
        <member name="M:FT.Security.Cryptography.Result.#ctor(System.Exception)">
            <summary>
            Конструктор
            </summary>
            <param name="e"></param>
        </member>
        <member name="P:FT.Security.Cryptography.Result.Exception">
            <summary>
            Исключение, сформированное в результате выполнения.
            </summary>
        </member>
        <member name="P:FT.Security.Cryptography.Result.IsError">
            <summary>
            Не удалось выполнить операцию.
            </summary>
        </member>
        <member name="P:FT.Security.Cryptography.Result.Message">
            <summary>
            Сообщение об итоге выполнения.
            </summary>
        </member>
        <member name="M:FT.Security.Cryptography.SecApi.ComputeHash(System.Byte[])">
            <summary>
            Вычисляет хэш по алгоритму ГОСТ Р 34.11-94.
            </summary>
            <param name="i">Данные для которых необходимо вычислить хэш.</param>
            <returns>Значение хэш.</returns>
        </member>
        <member name="M:FT.Security.Cryptography.SecApi.VerifyMessageDetached(System.IO.Stream,System.IO.Stream)">
            <summary>
            Выполняет проверки открепленной подписи.
            </summary>
            <param name="datastream">Поток, содержащий оригинальное сообщение.</param>
            <param name="signaturestream">Поток, содержащий открепленную подпись.</param>
            <returns>Возвращает <c>true</c> если подпись верна, иначе - <c>false</c>.</returns>
        </member>
        <member name="M:FT.Security.Cryptography.SecApi.VerifyMessageDetached(System.Byte[],System.Byte[])">
            <summary>
            Выполняет проверки открепленной подписи.
            </summary>
            <param name="data">Блок данных, содержащий оригинальное сообщение.</param>
            <param name="signature">Блок данных, содержащий открепленную подпись.</param>
            <returns>Возвращает <c>true</c> если подпись верна, иначе - <c>false</c>.</returns>
        </member>
        <member name="M:FT.Security.Cryptography.SecApi.VerifyMessageAttached(System.IO.Stream,System.IO.Stream)">
            <summary>
            Выполняет проверки прикрепленной подписи.
            </summary>
            <param name="inputstream">Поток, содержащий сообщение с прикрепленной подписью.</param>
            <param name="outputstream">Поток, содержащий оригинальное сообщение.</param>
            <returns>Возвращает <c>true</c> если подпись верна, иначе - <c>false</c>.</returns>
        </member>
        <member name="M:FT.Security.Cryptography.SecApi.VerifyMessageAttached(System.IO.Stream)">
            <summary>
            Выполняет проверки прикрепленной подписи.
            </summary>
            <param name="inputstream">Поток, содержащий оригинальное сообщение.</param>
            <returns>Возвращает <c>true</c> если подпись верна, иначе - <c>false</c>.</returns>
        </member>
        <member name="M:FT.Security.Cryptography.SecApi.VerifyMessageAttached(System.IO.Stream,FT.Security.Cryptography.X509CertificateResolver)">
            <summary>
            Выполняет проверки прикрепленной подписи.
            </summary>
            <param name="inputstream">Поток, содержащий оригинальное сообщение.</param>
            <returns>Возвращает <c>true</c> если подпись верна, иначе - <c>false</c>.</returns>
        </member>
        <member name="M:FT.Security.Cryptography.SecApi.VerifyMessageAttached(System.Byte[],System.Byte[])">
            <summary>
            Выполняет проверки прикрепленной подписи.
            </summary>
            <param name="i">Блок данных, содержащий оригинальное сообщение.</param>
            <param name="signature">Блок данных, содержащий открепленную подпись.</param>
            <returns>Возвращает <c>true</c> если подпись верна, иначе - <c>false</c>.</returns>
        </member>
        <member name="M:FT.Security.Cryptography.SecApi.VerifyMessage(System.IO.Stream)">
            <summary>
            Проверяет цифровую подпись в сообщении.
            </summary>
            <param name="inputstream">Поток, содержащий сообщение и подпись.</param>
        </member>
        <member name="M:FT.Security.Cryptography.SecApi.VerifyMessage(System.IO.Stream,System.IO.Stream)">
            <summary>
            Выполняет проверку подписи сообщения.
            </summary>
            <param name="i">Поток, содержащий проверяемое сообщение.</param>
            <param name="o">Выходной поток, для получения оригинального сообщения, которое подписывалось.</param>
            <returns>Возвращает <c>true</c> если подпись верна, иначе - <c>false</c>.</returns>
        </member>
        <member name="M:FT.Security.Cryptography.SecApi.EncryptMessageBER(System.IO.Stream,System.IO.Stream,FT.Security.Cryptography.Certificate[])">
            <summary>
            Выполняет шифрование данных.
            </summary>
            <param name="input">Входной поток, для которого выполняется операция шифрования.</param>
            <param name="output">Выходной поток, куда сохраняются результаты операции шифрования.</param>
            <param name="certificates">Сертификаты получателя.</param>
        </member>
        <member name="M:FT.Security.Cryptography.SecApi.EncryptMessageDER(System.IO.Stream,System.IO.Stream,FT.Security.Cryptography.Certificate[])">
            <summary>
            Выполняет шифрование данных.
            </summary>
            <param name="input">Входной поток, для которого выполняется операция шифрования.</param>
            <param name="output">Выходной поток, куда сохраняются результаты операции шифрования.</param>
            <param name="certificates">Сертификаты получателя.</param>
        </member>
        <member name="M:FT.Security.Cryptography.SecApi.DecryptMessage(System.IO.Stream,System.IO.Stream,System.Security.Cryptography.X509Certificates.StoreName,System.Security.Cryptography.X509Certificates.StoreLocation)">
            <summary>
            Выполняет расшифрование данных.
            </summary>
            <param name="input">Входной поток, для которого выполняется операция расшифрования.</param>
            <param name="output">Выходной поток, в который сохраняются результаты операции расшифрования.</param>
            <param name="storename">Имя хранилища сертификатов.</param>
            <param name="location">Расположение хранилища сертификатов.</param>
        </member>
        <member name="M:FT.Security.Cryptography.SecApi.DecryptMessage(System.IO.Stream,System.IO.Stream)">
            <summary>
            Выполняет расшифрование данных.
            </summary>
            <param name="input">Входной поток, для которого выполняется операция расшифрования.</param>
            <param name="output">Выходной поток, в который сохраняются результаты операции расшифрования.</param>
        </member>
        <member name="M:FT.Security.Cryptography.SecApi.DecryptMessage(System.IO.Stream,System.IO.Stream,System.String)">
            <summary>
            Выполняет расшифрование данных.
            </summary>
            <param name="input">Входной поток, для которого выполняется операция расшифрования.</param>
            <param name="output">Выходной поток, в который сохраняются результаты операции расшифрования.</param>
            <param name="expectedrecipients">Значения серийных номеров сертификатов, которые будут использоваться для расшифровки, в формате: "[A-Fa-f0-9]+(;[A-Fa-f0-9]+)*". </param>
        </member>
        <member name="M:FT.Security.Cryptography.SecApi.DecryptMessage(System.Exception@,System.IO.Stream,System.IO.Stream,System.String)">
            <summary>
            Выполняет расшифрование данных.
            </summary>
            <param name="e">Исключение, полученное при выполнении операции. null - если операция выполнена успешно.</param>
            <param name="inputstream">Входной поток, для которого выполняется операция расшифрования.</param>
            <param name="outputstream">Выходной поток, в который сохраняются результаты операции расшифрования.</param>
            <param name="expectedrecipients">Значения серийных номеров сертификатов, которые будут использоваться для расшифровки, в формате: "[A-Fa-f0-9]+(;[A-Fa-f0-9]+)*". </param>
            <returns>Возвращает true - если операция выполнена успешно. false - если в результате операции произошла ошибка. Детали ошибки доступны через параметр <paramref name="e"/>.</returns>
        </member>
        <member name="M:FT.Security.Cryptography.SecApi.IsComplexSigned(System.IO.Stream)">
            <summary>
            Проверяет, подпсианы ли данные.
            </summary>
            <param name="input">Входной поток, для которого выполняется операция расшифрования.</param>
            <returns>True, если имеется подпись.</returns>
            <exception cref="T:System.ArgumentNullException">В качестве входного потка передан null</exception>
            <exception cref="T:System.ArgumentException">Входной поток не поддерживает поиск</exception>
        </member>
        <member name="M:FT.Security.Cryptography.SecApi.OpenCertificateStore(System.Security.Cryptography.X509Certificates.StoreName)">
            <summary>
            Открывает указанное хранилище сертификатов.
            </summary>
            <param name="storename">Идентификатор хранилища.</param>
            <returns>Возвращает указатель на открытое хранилище.</returns>
        </member>
        <member name="M:FT.Security.Cryptography.SecApi.OpenCertificateStore(System.Int32)">
            <summary>
            Открывает указанное хранилище сертификатов.
            </summary>
            <param name="storename">Идентификатор хранилища.</param>
            <returns>Возвращает указатель на открытое хранилище.</returns>
        </member>
        <member name="M:FT.Security.Cryptography.SecApi.OpenCertificateStore(System.Int32,System.Security.Cryptography.X509Certificates.StoreLocation)">
            <summary>
            Открывает указанное хранилище сертификатов.
            </summary>
            <param name="storename">Идентификатор хранилища.</param>
            <param name="location">Одно из значений перечисления, указывающее имя хранилища сертификатов X.509</param>
            <returns>Возвращает указатель на открытое хранилище.</returns>
        </member>
        <member name="M:FT.Security.Cryptography.SecApi.OpenCertificateStore(System.Security.Cryptography.X509Certificates.StoreName,System.Security.Cryptography.X509Certificates.StoreLocation)">
            <summary>
            Открывает указанное хранилище сертификатов.
            </summary>
            <param name="storename">Идентификатор хранилища.</param>
            <param name="location">Одно из значений перечисления, указывающее имя хранилища сертификатов X.509</param>
            <returns>Возвращает указатель на открытое хранилище.</returns>
        </member>
        <member name="M:FT.Security.Cryptography.SecApi.SelectCertificateViaUI(System.String)">
            <summary>
            Дать пользователю выбрать сертификат из списка полученных из виртуального хранилища и отфильтрованных по наличию OID в списке EKU.
            </summary>
            <param name="filterOID">OID для фильтра.</param>
            <returns>Результат выбора пользователя.</returns>
        </member>
        <member name="M:FT.Security.Cryptography.SecApi.SelectCertificateViaUI(System.Collections.Generic.ICollection{FT.Security.Cryptography.Certificate})">
            <summary>
            Дать пользователю выбрать сертификат из коллекции.
            </summary>
            <param name="certificates">Сертификаты, из которых будет производиться выбор.</param>
            <returns>Результат выбора пользователя.</returns>
        </member>
        <member name="M:FT.Security.Cryptography.SecApi.SelectMultipleCertificatesViaUI(System.String)">
            <summary>
            Дать пользователю выбрать сертификаты из списка полученных из виртуального хранилища и отфильтрованных по наличию OID в списке EKU.
            </summary>
            <param name="filterOID">OID для фильтра.</param>
            <returns>Результат выбора пользователя.</returns>
        </member>
        <member name="M:FT.Security.Cryptography.SecApi.SelectMultipleCertificatesViaUI(System.Collections.Generic.ICollection{FT.Security.Cryptography.Certificate})">
            <summary>
            Дать пользователю выбрать сертификаты из коллекции.
            </summary>
            <param name="certificates">Сертификаты, из которых будет производиться выбор.</param>
            <returns>Результат выбора пользователя.</returns>
        </member>
        <member name="M:FT.Security.Cryptography.SecApi.GetFilteredByOidCertificates(System.String)">
            <summary>
            Получить сертификаты из виртуального хранилища и отфильтрованных по наличию OID в списке EKU.
            </summary>
            <param name="oid">OID для фильтра.</param>
            <returns>Сертификаты, подоходящие под критерии поиска.</returns>
        </member>
        <member name="M:FT.Security.Cryptography.SecApi.SelectCertificatesViaUI(System.Collections.Generic.ICollection{FT.Security.Cryptography.Certificate},System.Security.Cryptography.X509Certificates.X509SelectionFlag)">
            <summary>
            Дать пользователю выбрать сертификаты из коллекции.
            </summary>
            <param name="certificates">Сертификаты, из которых будет производиться выбор.</param>
            <param name="selectionFlag">Режим работы формы выбора.
            <see cref="F:System.Security.Cryptography.X509Certificates.X509SelectionFlag.SingleSelection"/> - выбор одного сертификата.
            <see cref="F:System.Security.Cryptography.X509Certificates.X509SelectionFlag.MultiSelection"/> - выбор нескольких (одного и более) сертификатов.</param>
            <returns>Коллеция выбранных пользователем сертификатов.</returns>
        </member>
        <member name="T:FT.Security.Cryptography.SecApi.ExceptionStackItem">
            <summary>
            Элемент исключения в "раскручиваемом" на консоль стеке исключений
            </summary>
        </member>
        <member name="T:FT.Security.Cryptography.SecApi.ExceptionStack">
            <summary>
            Стек "раскручиваемых" на консоль исключений
            </summary>
            <remarks>Попытка как-то отображать номер внутренниго исключения</remarks>
        </member>
        <member name="M:FT.Security.Cryptography.StreamObject.Flush">
            <summary>When overridden in a derived class, clears all buffers for this stream and causes any buffered data to be written to the underlying device.</summary>
            <exception cref="T:System.IO.IOException">An I/O error occurs. </exception>
            <filterpriority>2</filterpriority>
        </member>
        <member name="M:FT.Security.Cryptography.StreamObject.Seek(System.Int64,System.IO.SeekOrigin)">
            <summary>When overridden in a derived class, sets the position within the current stream.</summary>
            <returns>The new position within the current stream.</returns>
            <param name="offset">A byte offset relative to the <paramref name="origin" /> parameter. </param>
            <param name="origin">A value of type <see cref="T:System.IO.SeekOrigin" /> indicating the reference point used to obtain the new position. </param>
            <exception cref="T:System.IO.IOException">An I/O error occurs. </exception>
            <exception cref="T:System.NotSupportedException">The stream does not support seeking, such as if the stream is constructed from a pipe or console output. </exception>
            <exception cref="T:System.ObjectDisposedException">Methods were called after the stream was closed. </exception>
            <filterpriority>1</filterpriority>
        </member>
        <member name="M:FT.Security.Cryptography.StreamObject.SetLength(System.Int64)">
            <summary>When overridden in a derived class, sets the length of the current stream.</summary>
            <param name="value">The desired length of the current stream in bytes. </param>
            <exception cref="T:System.IO.IOException">An I/O error occurs. </exception>
            <exception cref="T:System.NotSupportedException">The stream does not support both writing and seeking, such as if the stream is constructed from a pipe or console output. </exception>
            <exception cref="T:System.ObjectDisposedException">Methods were called after the stream was closed. </exception>
            <filterpriority>2</filterpriority>
        </member>
        <member name="M:FT.Security.Cryptography.StreamObject.Read(System.Byte[],System.Int32,System.Int32)">
            <summary>When overridden in a derived class, reads a sequence of bytes from the current stream and advances the position within the stream by the number of bytes read.</summary>
            <returns>The total number of bytes read into the buffer. This can be less than the number of bytes requested if that many bytes are not currently available, or zero (0) if the end of the stream has been reached.</returns>
            <param name="buffer">An array of bytes. When this method returns, the buffer contains the specified byte array with the values between <paramref name="offset" /> and (<paramref name="offset" /> + <paramref name="count" /> - 1) replaced by the bytes read from the current source. </param>
            <param name="offset">The zero-based byte offset in <paramref name="buffer" /> at which to begin storing the data read from the current stream. </param>
            <param name="count">The maximum number of bytes to be read from the current stream. </param>
            <exception cref="T:System.ArgumentException">The sum of <paramref name="offset" /> and <paramref name="count" /> is larger than the buffer length. </exception>
            <exception cref="T:System.ArgumentNullException">
            <paramref name="buffer" /> is null. </exception>
            <exception cref="T:System.ArgumentOutOfRangeException">
            <paramref name="offset" /> or <paramref name="count" /> is negative. </exception>
            <exception cref="T:System.IO.IOException">An I/O error occurs. </exception>
            <exception cref="T:System.NotSupportedException">The stream does not support reading. </exception>
            <exception cref="T:System.ObjectDisposedException">Methods were called after the stream was closed. </exception>
            <filterpriority>1</filterpriority>
        </member>
        <member name="M:FT.Security.Cryptography.StreamObject.Write(System.Byte[],System.Int32,System.Int32)">
            <summary>When overridden in a derived class, writes a sequence of bytes to the current stream and advances the current position within this stream by the number of bytes written.</summary>
            <param name="buffer">An array of bytes. This method copies <paramref name="count" /> bytes from <paramref name="buffer" /> to the current stream. </param>
            <param name="offset">The zero-based byte offset in <paramref name="buffer" /> at which to begin copying bytes to the current stream. </param>
            <param name="count">The number of bytes to be written to the current stream. </param>
            <exception cref="T:System.ArgumentException">The sum of <paramref name="offset" /> and <paramref name="count" /> is greater than the buffer length. </exception>
            <exception cref="T:System.ArgumentNullException">
            <paramref name="buffer" /> is null. </exception>
            <exception cref="T:System.ArgumentOutOfRangeException">
            <paramref name="offset" /> or <paramref name="count" /> is negative. </exception>
            <exception cref="T:System.IO.IOException">An I/O error occurs. </exception>
            <exception cref="T:System.NotSupportedException">The stream does not support writing. </exception>
            <exception cref="T:System.ObjectDisposedException">Methods were called after the stream was closed. </exception>
            <filterpriority>1</filterpriority>
        </member>
        <member name="M:FT.Security.Cryptography.StreamObject.Dispose(System.Boolean)">
            <summary>Releases the unmanaged resources used by the <see cref="T:System.IO.Stream" /> and optionally releases the managed resources.</summary>
            <param name="disposing">true to release both managed and unmanaged resources; false to release only unmanaged resources.</param>
        </member>
        <member name="M:FT.Security.Cryptography.StreamObject.System#Runtime#InteropServices#ComTypes#IStream#Read(System.Byte[],System.Int32,System.IntPtr)">
            <summary>Reads a specified number of bytes from the stream object into memory starting at the current seek pointer.</summary>
            <param name="pv">When this method returns, contains the data read from the stream. This parameter is passed uninitialized.</param>
            <param name="cb">The number of bytes to read from the stream object. </param>
            <param name="pcbRead">A pointer to a ULONG variable that receives the actual number of bytes read from the stream object. </param>
        </member>
        <member name="M:FT.Security.Cryptography.StreamObject.System#Runtime#InteropServices#ComTypes#IStream#Write(System.Byte[],System.Int32,System.IntPtr)">
            <summary>Writes a specified number of bytes into the stream object starting at the current seek pointer.</summary>
            <param name="pv">The buffer to write this stream to. </param>
            <param name="cb">The number of bytes to write to the stream. </param>
            <param name="pcbWritten">On successful return, contains the actual number of bytes written to the stream object. If the caller sets this pointer to <see cref="F:System.IntPtr.Zero" />, this method does not provide the actual number of bytes written. </param>
        </member>
        <member name="M:FT.Security.Cryptography.StreamObject.System#Runtime#InteropServices#ComTypes#IStream#Seek(System.Int64,System.Int32,System.IntPtr)">
            <summary>Changes the seek pointer to a new location relative to the beginning of the stream, to the end of the stream, or to the current seek pointer.</summary>
            <param name="dlibMove">The displacement to add to <paramref name="dwOrigin" />. </param>
            <param name="dwOrigin">The origin of the seek. The origin can be the beginning of the file, the current seek pointer, or the end of the file. </param>
            <param name="plibNewPosition">On successful return, contains the offset of the seek pointer from the beginning of the stream. </param>
        </member>
        <member name="T:FT.Security.Cryptography.VerifyMessageSignatureResponse">
            <summary>
            VerifyAttachedMessageSignature function response.
            </summary>
        </member>
    </members>
</doc>
